split,file,lang,dx_label,n_speakers,subject,note,subject_source,subject_why,file_s,subject_speech_s,others_speech_s,others_solo_s,overlap_s,silence_s,kept_speech_s,out_s,out_ratio,subject_share,n_pieces,leak_s
test,0002,zh,,1,SPEAKER_00,solo,auto,,60.0,26.508,0,0,0.0,33.492,26.508,60.0,1.0,1.0,1,0.0
test,0003,zh,,1,SPEAKER_00,solo,auto,,60.0,32.333,0,0,0.0,27.667,32.333,60.0,1.0,1.0,1,0.0
test,0004,zh,,2,SPEAKER_00,multi,auto,,60.0,59.94,1.317,0,1.317,0.06,59.94,60.0,1.0,0.9785,1,1.317
test,0005,zh,,1,SPEAKER_00,solo,auto,,54.533,31.921,0,0,0.0,22.612,31.921,54.533,1.0,1.0,1,0.0
test,0006,zh,,1,SPEAKER_00,solo,auto,,60.0,41.466,0,0,0.0,18.534,41.466,60.0,1.0,1.0,1,0.0
test,0008,zh,,1,SPEAKER_00,solo,auto,,60.0,50.388,0,0,0.0,9.612,50.388,60.0,1.0,1.0,1,0.0
test,0009,zh,,1,SPEAKER_00,solo,auto,,54.71,26.628,0,0,0.0,28.082,26.628,54.71,1.0,1.0,1,0.0
test,0010,zh,,2,SPEAKER_00,multi,auto,,60.0,59.822,0.051,0,0.051,0.178,59.822,60.0,1.0,0.9991,1,0.051
test,0011,zh,,1,SPEAKER_00,solo,auto,,60.0,31.945,0,0,0.0,28.055,31.945,60.0,1.0,1.0,1,0.0
test,0012,zh,,1,SPEAKER_00,solo,auto,,60.0,35.114,0,0,0.0,24.886,35.114,60.0,1.0,1.0,1,0.0
test,0013,zh,,1,SPEAKER_00,solo,auto,,60.0,36.008,0,0,0.0,23.992,36.008,60.0,1.0,1.0,1,0.0
test,0014,zh,,2,SPEAKER_00,multi,auto,,60.0,46.391,0.119,0,0.119,13.609,46.391,60.0,1.0,0.9974,1,0.119
test,0015,zh,,1,SPEAKER_00,solo,auto,,60.0,30.749,0,0,0.0,29.251,30.749,60.0,1.0,1.0,1,0.0
test,0017,zh,,2,SPEAKER_00,multi,auto,,60.0,56.733,1.165,0,1.165,3.267,56.733,60.0,1.0,0.9799,1,1.165
test,0018,zh,,1,SPEAKER_00,solo,auto,,60.0,36.805,0,0,0.0,23.195,36.805,60.0,1.0,1.0,1,0.0
test,0020,zh,,1,SPEAKER_00,solo,auto,,60.0,42.914,0,0,0.0,17.086,42.914,60.0,1.0,1.0,1,0.0
test,0021,zh,,1,SPEAKER_00,solo,auto,,60.0,19.186,0,0,0.0,40.814,19.186,60.0,1.0,1.0,1,0.0
test,0022,zh,,2,SPEAKER_00,multi,auto,,60.0,52.614,0.152,0,0.152,7.386,52.614,60.0,1.0,0.9971,1,0.152
test,0023,zh,,1,SPEAKER_00,solo,auto,,60.0,30.789,0,0,0.0,29.211,30.789,60.0,1.0,1.0,1,0.0
test,0024,zh,,1,SPEAKER_00,solo,auto,,55.913,16.032,0,0,0.0,39.881,16.032,55.913,1.0,1.0,1,0.0
test,0025,zh,,2,SPEAKER_00,multi,auto,,60.0,41.259,2.194,0,2.194,18.741,41.259,60.0,1.0,0.9495,1,2.194
test,0027,zh,,2,SPEAKER_00,multi,auto,,60.0,54.505,0.642,0,0.642,5.495,54.505,60.0,1.0,0.9884,1,0.642
test,0028,zh,,1,SPEAKER_00,solo,auto,,57.196,29.33,0,0,0.0,27.866,29.33,57.196,1.0,1.0,1,0.0
test,0029,zh,,1,SPEAKER_00,solo,auto,,60.0,40.788,0,0,0.0,19.212,40.788,60.0,1.0,1.0,1,0.0
test,0030,zh,,2,SPEAKER_00,multi,auto,,60.0,30.406,0.455,0,0.455,29.594,30.406,60.0,1.0,0.9853,1,0.455
test,0031,zh,,1,SPEAKER_00,solo,auto,,60.0,26.155,0,0,0.0,33.845,26.155,60.0,1.0,1.0,1,0.0
test,0032,zh,,2,SPEAKER_00,multi,auto,,60.0,47.602,0.303,0,0.303,12.398,47.602,60.0,1.0,0.9937,1,0.303
test,0033,zh,,1,SPEAKER_00,solo,auto,,60.0,53.917,0,0,0.0,6.083,53.917,60.0,1.0,1.0,1,0.0
test,0037,zh,,1,SPEAKER_00,solo,auto,,60.0,48.111,0,0,0.0,11.889,48.111,60.0,1.0,1.0,1,0.0
test,0038,zh,,1,SPEAKER_00,solo,auto,,60.0,38.912,0,0,0.0,21.088,38.912,60.0,1.0,1.0,1,0.0
test,0039,zh,,1,SPEAKER_00,solo,auto,,50.107,27.846,0,0,0.0,22.261,27.846,50.107,1.0,1.0,1,0.0
test,0040,zh,,1,SPEAKER_00,solo,auto,,60.0,30.732,0,0,0.0,29.268,30.732,60.0,1.0,1.0,1,0.0
test,0041,zh,,1,SPEAKER_00,solo,auto,,60.0,39.743,0,0,0.0,20.257,39.743,60.0,1.0,1.0,1,0.0
test,0042,zh,,1,SPEAKER_00,solo,auto,,56.876,21.446,0,0,0.0,35.43,21.446,56.876,1.0,1.0,1,0.0
test,0043,zh,,1,SPEAKER_00,solo,auto,,54.966,18.79,0,0,0.0,36.176,18.79,54.966,1.0,1.0,1,0.0
test,0044,zh,,2,SPEAKER_00,multi,auto,,47.554,32.585,0.05,0,0.05,14.969,32.585,47.554,1.0,0.9985,1,0.05
test,0046,zh,,2,SPEAKER_00,multi,auto,,59.897,26.41,0.303,0,0.303,33.487,26.41,59.897,1.0,0.9887,1,0.303
test,0048,zh,,1,SPEAKER_00,solo,auto,,60.0,45.463,0,0,0.0,14.537,45.463,60.0,1.0,1.0,1,0.0
test,0049,zh,,1,SPEAKER_00,solo,auto,,52.689,20.757,0,0,0.0,31.932,20.757,52.689,1.0,1.0,1,0.0
test,0051,zh,,1,SPEAKER_00,solo,auto,,60.0,37.328,0,0,0.0,22.672,37.328,60.0,1.0,1.0,1,0.0
test,0053,zh,,1,SPEAKER_00,solo,auto,,52.5,17.786,0,0,0.0,34.714,17.786,52.5,1.0,1.0,1,0.0
test,0055,zh,,2,SPEAKER_00,multi,auto,,60.0,41.342,1.383,0,1.383,18.658,41.342,60.0,1.0,0.9676,1,1.383
test,0057,zh,,2,SPEAKER_00,multi,auto,,60.0,59.94,0.236,0,0.236,0.06,59.94,60.0,1.0,0.9961,1,0.236
test,0058,zh,,1,SPEAKER_00,solo,auto,,60.0,41.854,0,0,0.0,18.146,41.854,60.0,1.0,1.0,1,0.0
test,0062,zh,,1,SPEAKER_00,solo,auto,,60.0,35.372,0,0,0.0,24.628,35.372,60.0,1.0,1.0,1,0.0
test,0064,zh,,1,SPEAKER_00,solo,auto,,60.0,26.26,0,0,0.0,33.74,26.26,60.0,1.0,1.0,1,0.0
test,0065,zh,,1,SPEAKER_00,solo,auto,,47.047,42.124,0,0,0.0,4.923,42.124,47.047,1.0,1.0,1,0.0
test,0066,zh,,2,SPEAKER_00,multi,auto,,60.0,21.739,0.625,0,0.625,38.261,21.739,60.0,1.0,0.9721,1,0.625
test,0067,zh,,1,SPEAKER_00,solo,auto,,60.0,45.244,0,0,0.0,14.756,45.244,60.0,1.0,1.0,1,0.0
test,0069,zh,,1,SPEAKER_00,solo,auto,,60.0,28.314,0,0,0.0,31.686,28.314,60.0,1.0,1.0,1,0.0
test,0074,zh,,2,SPEAKER_00,multi,auto,,50.609,37.261,0.388,0,0.388,13.348,37.261,50.609,1.0,0.9897,1,0.388
test,0075,zh,,1,SPEAKER_00,solo,auto,,60.0,38.881,0,0,0.0,21.119,38.881,60.0,1.0,1.0,1,0.0
test,0078,zh,,1,SPEAKER_00,solo,auto,,60.0,38.07,0,0,0.0,21.93,38.07,60.0,1.0,1.0,1,0.0
test,0079,zh,,2,SPEAKER_00,multi,auto,,60.0,35.048,1.062,0,1.062,24.952,35.048,60.0,1.0,0.9706,1,1.062
test,0081,zh,,2,SPEAKER_00,multi,auto,,60.0,56.784,0.168,0,0.168,3.216,56.784,60.0,1.0,0.9971,1,0.168
test,0082,zh,,1,SPEAKER_00,solo,auto,,60.0,30.56,0,0,0.0,29.44,30.56,60.0,1.0,1.0,1,0.0
test,0084,zh,,2,SPEAKER_00,multi,auto,,60.0,59.789,1.13,0,1.13,0.211,59.789,60.0,1.0,0.9815,1,1.13
test,0085,zh,,2,SPEAKER_00,multi,auto,,57.974,40.972,0.456,0,0.456,17.002,40.972,57.974,1.0,0.989,1,0.456
test,0086,zh,,2,SPEAKER_00,multi,auto,,60.0,40.788,0.439,0,0.439,19.212,40.788,60.0,1.0,0.9894,1,0.439
test,0087,zh,,1,SPEAKER_00,solo,auto,,54.49,38.256,0,0,0.0,16.234,38.256,54.49,1.0,1.0,1,0.0
test,0088,zh,,2,SPEAKER_00,multi,auto,,60.0,59.94,1.838,0,1.838,0.06,59.94,60.0,1.0,0.9702,1,1.838
test,0089,zh,,1,SPEAKER_00,solo,auto,,60.0,37.261,0,0,0.0,22.739,37.261,60.0,1.0,1.0,1,0.0
test,0092,zh,,1,SPEAKER_00,solo,auto,,60.0,32.772,0,0,0.0,27.228,32.772,60.0,1.0,1.0,1,0.0
test,0093,zh,,2,SPEAKER_00,multi,auto,,60.0,48.852,0.473,0,0.473,11.148,48.852,60.0,1.0,0.9904,1,0.473
test,0094,zh,,2,SPEAKER_00,multi,auto,,60.0,48.198,7.224,0,7.224,11.802,48.198,60.0,1.0,0.8697,1,7.224
test,0095,zh,,2,SPEAKER_00,multi,auto,,60.0,45.85,0.759,0,0.759,14.15,45.85,60.0,1.0,0.9837,1,0.759
test,0096,zh,,2,SPEAKER_00,multi,auto,,60.0,59.94,0.625,0,0.625,0.06,59.94,60.0,1.0,0.9897,1,0.625
test,0097,zh,,1,SPEAKER_00,solo,auto,,60.0,20.637,0,0,0.0,39.363,20.637,60.0,1.0,1.0,1,0.0
test,0098,zh,,1,SPEAKER_00,solo,auto,,60.0,51.722,0,0,0.0,8.278,51.722,60.0,1.0,1.0,1,0.0
test,0099,zh,,1,SPEAKER_00,solo,auto,,60.0,21.212,0,0,0.0,38.788,21.212,60.0,1.0,1.0,1,0.0
test,0101,zh,,1,SPEAKER_00,solo,auto,,60.0,45.462,0,0,0.0,14.538,45.462,60.0,1.0,1.0,1,0.0
test,0102,zh,,2,SPEAKER_00,multi,auto,,60.0,19.612,1.974,0,1.974,40.388,19.612,60.0,1.0,0.9086,1,1.974
test,0104,zh,,1,SPEAKER_00,solo,auto,,60.0,42.406,0,0,0.0,17.594,42.406,60.0,1.0,1.0,1,0.0
test,0105,zh,,2,SPEAKER_00,multi,auto,,56.345,26.746,0.625,0,0.625,29.599,26.746,56.345,1.0,0.9772,1,0.625
test,0108,zh,,1,SPEAKER_00,solo,auto,,60.0,32.757,0,0,0.0,27.243,32.757,60.0,1.0,1.0,1,0.0
test,0111,zh,,1,SPEAKER_00,solo,auto,,60.0,29.549,0,0,0.0,30.451,29.549,60.0,1.0,1.0,1,0.0
test,0115,zh,,1,SPEAKER_00,solo,auto,,56.214,24.893,0,0,0.0,31.321,24.893,56.214,1.0,1.0,1,0.0
test,0117,zh,,1,SPEAKER_00,solo,auto,,51.765,28.668,0,0,0.0,23.097,28.668,51.765,1.0,1.0,1,0.0
test,0118,zh,,1,SPEAKER_00,solo,auto,,60.0,51.672,0,0,0.0,8.328,51.672,60.0,1.0,1.0,1,0.0
test,0119,zh,,1,SPEAKER_00,solo,auto,,60.0,40.906,0,0,0.0,19.094,40.906,60.0,1.0,1.0,1,0.0
test,AD_F_030807_001,zh,,1,SPEAKER_00,solo,auto,,29.598,23.864,0,0,0.0,5.734,23.864,29.598,1.0,1.0,1,0.0
test,AD_F_040006_001,zh,,2,SPEAKER_00,multi,auto,,60.0,32.923,2.768,0,2.768,27.077,32.923,60.0,1.0,0.9224,1,2.768
test,AD_F_040006_002,zh,,1,SPEAKER_00,solo,auto,,49.222,43.909,0,0,0.0,5.313,43.909,49.222,1.0,1.0,1,0.0
test,AD_F_040108_001,zh,,2,SPEAKER_00,multi,auto,,60.0,48.7,2.262,0,2.262,11.3,48.7,60.0,1.0,0.9556,1,2.262
test,AD_F_040108_002,zh,,2,SPEAKER_00,multi,auto,,60.0,49.353,0.979,0,0.979,10.647,49.353,60.0,1.0,0.9805,1,0.979
test,AD_F_040108_003,zh,,1,SPEAKER_00,solo,auto,,60.0,47.37,0,0,0.0,12.63,47.37,60.0,1.0,1.0,1,0.0
test,AD_F_040108_004,zh,,2,SPEAKER_00,multi,auto,,60.0,40.735,0.405,0,0.405,19.265,40.735,60.0,1.0,0.9902,1,0.405
test,AD_F_040108_005,zh,,1,SPEAKER_00,solo,auto,,60.0,43.37,0,0,0.0,16.63,43.37,60.0,1.0,1.0,1,0.0
test,AD_F_040108_006,zh,,2,SPEAKER_00,multi,auto,,60.0,44.023,0.203,0,0.203,15.977,44.023,60.0,1.0,0.9954,1,0.203
test,AD_F_040108_007,zh,,2,SPEAKER_00,multi,auto,,60.0,46.44,0.388,0,0.388,13.56,46.44,60.0,1.0,0.9917,1,0.388
test,AD_F_040108_008,zh,,2,SPEAKER_00,multi,auto,,60.0,41.884,0.304,0,0.304,18.116,41.884,60.0,1.0,0.9928,1,0.304
test,AD_F_040108_009,zh,,1,SPEAKER_00,solo,auto,,60.0,38.257,0,0,0.0,21.743,38.257,60.0,1.0,1.0,1,0.0
test,AD_F_040108_010,zh,,1,SPEAKER_00,solo,auto,,60.0,36.57,0,0,0.0,23.43,36.57,60.0,1.0,1.0,1,0.0
test,AD_F_040108_011,zh,,2,SPEAKER_00,multi,auto,,60.0,46.745,0.945,0,0.945,13.255,46.745,60.0,1.0,0.9802,1,0.945
test,AD_F_040108_012,zh,,2,SPEAKER_00,multi,auto,,60.0,55.855,0.388,0,0.388,4.145,55.855,60.0,1.0,0.9931,1,0.388
test,AD_F_040108_013,zh,,2,SPEAKER_00,multi,auto,,60.0,51.418,0.793,0,0.793,8.582,51.418,60.0,1.0,0.9848,1,0.793
test,AD_F_040108_014,zh,,2,SPEAKER_00,multi,auto,,60.0,54.86,1.637,0,1.637,5.14,54.86,60.0,1.0,0.971,1,1.637
test,AD_F_040108_015,zh,,2,SPEAKER_00,multi,auto,,60.0,55.433,2.785,0,2.785,4.567,55.433,60.0,1.0,0.9522,1,2.785
test,AD_F_040108_016,zh,,2,SPEAKER_00,multi,auto,,60.0,49.495,0.607,0,0.607,10.505,49.495,60.0,1.0,0.9879,1,0.607
test,AD_F_040108_017,zh,,2,SPEAKER_00,multi,auto,,60.0,48.094,1.941,0,1.941,11.906,48.094,60.0,1.0,0.9612,1,1.941
test,AD_F_040108_018,zh,,1,SPEAKER_00,solo,auto,,60.0,53.343,0,0,0.0,6.657,53.343,60.0,1.0,1.0,1,0.0
test,AD_F_040108_019,zh,,1,SPEAKER_00,solo,auto,,60.0,51.401,0,0,0.0,8.599,51.401,60.0,1.0,1.0,1,0.0
test,AD_F_040108_020,zh,,2,SPEAKER_00,multi,auto,,60.0,50.105,0.844,0,0.844,9.895,50.105,60.0,1.0,0.9834,1,0.844
test,AD_F_040108_021,zh,,2,SPEAKER_00,multi,auto,,60.0,45.541,0.793,0,0.793,14.459,45.541,60.0,1.0,0.9829,1,0.793
test,AD_F_040108_022,zh,,1,SPEAKER_00,solo,auto,,60.0,42.995,0,0,0.0,17.005,42.995,60.0,1.0,1.0,1,0.0
test,AD_F_040108_023,zh,,2,SPEAKER_00,multi,auto,,60.0,42.306,0.371,0,0.371,17.694,42.306,60.0,1.0,0.9913,1,0.371
test,AD_F_040108_024,zh,,2,SPEAKER_00,multi,auto,,60.0,38.426,0.202,0,0.202,21.574,38.426,60.0,1.0,0.9948,1,0.202
test,AD_F_040108_025,zh,,1,SPEAKER_00,solo,auto,,60.0,32.301,0,0,0.0,27.699,32.301,60.0,1.0,1.0,1,0.0
test,AD_F_040108_026,zh,,2,SPEAKER_00,multi,auto,,60.0,34.189,0.22,0,0.22,25.811,34.189,60.0,1.0,0.9936,1,0.22
test,AD_F_040108_027,zh,,2,SPEAKER_00,multi,auto,,60.0,44.112,0.185,0,0.185,15.888,44.112,60.0,1.0,0.9958,1,0.185
test,AD_F_040108_028,zh,,2,SPEAKER_00,multi,auto,,60.0,44.5,0.455,0,0.455,15.5,44.5,60.0,1.0,0.9899,1,0.455
test,AD_F_040108_029,zh,,2,SPEAKER_00,multi,auto,,60.0,49.681,0.422,0,0.422,10.319,49.681,60.0,1.0,0.9916,1,0.422
test,AD_F_040108_030,zh,,1,SPEAKER_00,solo,auto,,60.0,33.159,0,0,0.0,26.841,33.159,60.0,1.0,1.0,1,0.0
test,AD_F_040108_031,zh,,2,SPEAKER_00,multi,auto,,60.0,41.229,0.237,0,0.237,18.771,41.229,60.0,1.0,0.9943,1,0.237
test,AD_F_040108_032,zh,,1,SPEAKER_00,solo,auto,,60.0,37.142,0,0,0.0,22.858,37.142,60.0,1.0,1.0,1,0.0
test,AD_F_040108_033,zh,,2,SPEAKER_00,multi,auto,,60.0,45.498,0.859,0,0.859,14.502,45.498,60.0,1.0,0.9815,1,0.859
test,AD_F_040108_034,zh,,1,SPEAKER_00,solo,auto,,60.0,50.576,0,0,0.0,9.424,50.576,60.0,1.0,1.0,1,0.0
test,AD_F_040108_035,zh,,2,SPEAKER_00,multi,auto,,60.0,41.533,0.591,0,0.591,18.467,41.533,60.0,1.0,0.986,1,0.591
test,AD_F_040108_036,zh,,2,,whole-manual,manual,,60.0,60.0,0,0,0.0,0.0,60.0,60.0,1.0,1.0,1,0.0
test,AD_F_040108_037,zh,,1,SPEAKER_00,solo,auto,,60.0,54.467,0,0,0.0,5.533,54.467,60.0,1.0,1.0,1,0.0
test,AD_F_040108_038,zh,,2,SPEAKER_00,multi,auto,,60.0,54.604,2.295,0,2.295,5.396,54.604,60.0,1.0,0.9597,1,2.295
test,AD_F_040108_039,zh,,2,SPEAKER_00,multi,auto,,60.0,55.436,2.987,0,2.987,4.564,55.436,60.0,1.0,0.9489,1,2.987
test,AD_F_040108_040,zh,,2,SPEAKER_00,multi,auto,,60.0,46.621,1.502,0,1.502,13.379,46.621,60.0,1.0,0.9688,1,1.502
test,AD_F_040108_041,zh,,1,SPEAKER_00,solo,auto,,60.0,48.703,0,0,0.0,11.297,48.703,60.0,1.0,1.0,1,0.0
test,AD_F_040108_042,zh,,1,SPEAKER_00,solo,auto,,60.0,51.184,0,0,0.0,8.816,51.184,60.0,1.0,1.0,1,0.0
test,AD_F_040108_043,zh,,2,SPEAKER_00,multi,auto,,60.0,51.704,0.152,0,0.152,8.296,51.704,60.0,1.0,0.9971,1,0.152
test,AD_F_040108_044,zh,,1,SPEAKER_00,solo,auto,,60.0,51.842,0,0,0.0,8.158,51.842,60.0,1.0,1.0,1,0.0
test,AD_F_040108_045,zh,,2,SPEAKER_00,multi,auto,,60.0,46.946,0.607,0,0.607,13.054,46.946,60.0,1.0,0.9872,1,0.607
test,AD_F_040108_046,zh,,1,SPEAKER_00,solo,auto,,60.0,46.676,0,0,0.0,13.324,46.676,60.0,1.0,1.0,1,0.0
test,AD_F_040108_047,zh,,2,SPEAKER_00,multi,auto,,60.0,40.686,0.726,0,0.726,19.314,40.686,60.0,1.0,0.9825,1,0.726
test,AD_F_040121_001,zh,,2,SPEAKER_00,multi,auto,,60.0,51.179,0.912,0,0.912,8.821,51.179,60.0,1.0,0.9825,1,0.912
test,AD_F_040271_001,zh,,2,SPEAKER_00,multi,auto,,60.0,51.37,7.714,0,7.714,8.63,51.37,60.0,1.0,0.8694,1,7.714
test,AD_F_040271_002,zh,,2,SPEAKER_00,multi,auto,,49.997,41.26,0.624,0,0.624,8.737,41.26,49.997,1.0,0.9851,1,0.624
test,AD_F_040299_001,zh,,1,SPEAKER_00,solo,auto,,42.125,13.887,0,0,0.0,28.238,13.887,42.125,1.0,1.0,1,0.0
test,AD_F_040326_001,zh,,2,SPEAKER_00,multi,auto,,43.67,36.499,0.658,0,0.658,7.171,36.499,43.67,1.0,0.9823,1,0.658
test,AD_F_040328_001,zh,,1,SPEAKER_00,solo,auto,,38.254,16.114,0,0,0.0,22.14,16.114,38.254,1.0,1.0,1,0.0
test,AD_F_040349_001,zh,,1,SPEAKER_00,solo,auto,,60.0,49.457,0,0,0.0,10.543,49.457,60.0,1.0,1.0,1,0.0
test,AD_F_040349_002,zh,,1,SPEAKER_00,solo,auto,,60.0,58.202,0,0,0.0,1.798,58.202,60.0,1.0,1.0,1,0.0
test,AD_F_040349_003,zh,,2,SPEAKER_00,multi,auto,,32.296,25.633,3.206,0,3.206,6.663,25.633,32.296,1.0,0.8888,1,3.206
test,AD_F_040398_001,zh,,1,SPEAKER_00,solo,auto,,32.448,28.792,0,0,0.0,3.656,28.792,32.448,1.0,1.0,1,0.0
test,AD_F_100426_001,zh,,1,SPEAKER_00,solo,auto,,38.049,23.085,0,0,0.0,14.964,23.085,38.049,1.0,1.0,1,0.0
test,AD_F_120826_001,zh,,1,SPEAKER_00,solo,auto,,44.312,43.96,0,0,0.0,0.352,43.96,44.312,1.0,1.0,1,0.0
test,AD_F_232508_001,zh,,1,SPEAKER_00,solo,auto,,60.0,34.593,0,0,0.0,25.407,34.593,60.0,1.0,1.0,1,0.0
test,AD_F_232526_001,zh,,2,SPEAKER_00,multi,auto,,32.509,26.445,0.81,0,0.81,6.064,26.445,32.509,1.0,0.9703,1,0.81
test,AD_F_262425_001,zh,,1,SPEAKER_00,solo,auto,,49.28,30.324,0,0,0.0,18.956,30.324,49.28,1.0,1.0,1,0.0
test,AD_F_262426_001,zh,,1,SPEAKER_00,solo,auto,,47.654,34.189,0,0,0.0,13.465,34.189,47.654,1.0,1.0,1,0.0
test,AD_M_030219_001,zh,,1,SPEAKER_00,solo,auto,,28.98,25.008,0,0,0.0,3.972,25.008,28.98,1.0,1.0,1,0.0
test,AD_M_040255_001,zh,,2,SPEAKER_00,multi,auto,,56.925,23.285,0.135,0,0.135,33.64,23.285,56.925,1.0,0.9942,1,0.135
test,AD_M_040259_001,zh,,1,SPEAKER_00,solo,auto,,46.74,42.675,0,0,0.0,4.065,42.675,46.74,1.0,1.0,1,0.0
test,AD_M_040359_001,zh,,1,SPEAKER_00,solo,auto,,60.0,35.401,0,0,0.0,24.599,35.401,60.0,1.0,1.0,1,0.0
test,AD_M_040359_002,zh,,1,SPEAKER_00,solo,auto,,60.0,38.431,0,0,0.0,21.569,38.431,60.0,1.0,1.0,1,0.0
test,AD_M_040359_003,zh,,2,SPEAKER_00,multi,auto,,41.492,34.441,0.219,0,0.219,7.051,34.441,41.492,1.0,0.9937,1,0.219
test,AD_M_040363_001,zh,,1,SPEAKER_00,solo,auto,,60.0,26.174,0,0,0.0,33.826,26.174,60.0,1.0,1.0,1,0.0
test,AD_M_040363_002,zh,,2,SPEAKER_00,multi,auto,,43.507,41.276,0.135,0,0.135,2.231,41.276,43.507,1.0,0.9967,1,0.135
test,AD_M_040365_001,zh,,1,SPEAKER_00,solo,auto,,32.233,11.985,0,0,0.0,20.248,11.985,32.233,1.0,1.0,1,0.0
test,AD_M_122313_001,zh,,1,SPEAKER_00,solo,auto,,30.517,20.496,0,0,0.0,10.021,20.496,30.517,1.0,1.0,1,0.0
test,AD_M_200808_001,zh,,1,SPEAKER_00,solo,auto,,50.781,38.483,0,0,0.0,12.298,38.483,50.781,1.0,1.0,1,0.0
test,AD_M_230706_001,zh,,2,SPEAKER_00,multi,auto,,43.023,32.564,0.574,0,0.574,10.459,32.564,43.023,1.0,0.9827,1,0.574
test,AD_M_242608_001,zh,,1,SPEAKER_00,solo,auto,,60.0,37.746,0,0,0.0,22.254,37.746,60.0,1.0,1.0,1,0.0
test,HC_F_019202_001,zh,,2,SPEAKER_00,multi,auto,,60.0,37.798,1.196,0,1.196,22.202,37.798,60.0,1.0,0.9693,1,1.196
test,HC_F_019202_002,zh,,1,SPEAKER_00,solo,auto,,60.0,53.68,0,0,0.0,6.32,53.68,60.0,1.0,1.0,1,0.0
test,HC_F_019202_003,zh,,1,SPEAKER_00,solo,auto,,60.0,25.028,0,0,0.0,34.972,25.028,60.0,1.0,1.0,1,0.0
test,HC_F_019202_004,zh,,1,SPEAKER_00,solo,auto,,60.0,42.152,0,0,0.0,17.848,42.152,60.0,1.0,1.0,1,0.0
test,HC_F_019202_005,zh,,1,SPEAKER_00,solo,auto,,60.0,43.234,0,0,0.0,16.766,43.234,60.0,1.0,1.0,1,0.0
test,HC_F_019202_006,zh,,2,,whole-manual,manual,,60.0,60.0,0,0,0.0,0.0,60.0,60.0,1.0,1.0,1,0.0
test,HC_F_019204_001,zh,,1,SPEAKER_00,solo,auto,,60.0,22.866,0,0,0.0,37.134,22.866,60.0,1.0,1.0,1,0.0
test,HC_F_019204_002,zh,,1,SPEAKER_00,solo,auto,,60.0,22.324,0,0,0.0,37.676,22.324,60.0,1.0,1.0,1,0.0
test,HC_F_019204_003,zh,,1,SPEAKER_00,solo,auto,,60.0,41.224,0,0,0.0,18.776,41.224,60.0,1.0,1.0,1,0.0
test,HC_F_019204_004,zh,,1,SPEAKER_00,solo,auto,,29.785,29.279,0,0,0.0,0.506,29.279,29.785,1.0,1.0,1,0.0
test,HC_F_019207_001,zh,,2,SPEAKER_00,multi,auto,,60.0,42.576,0.185,0,0.185,17.424,42.576,60.0,1.0,0.9957,1,0.185
test,HC_F_019207_002,zh,,1,SPEAKER_00,solo,auto,,60.0,31.775,0,0,0.0,28.225,31.775,60.0,1.0,1.0,1,0.0
test,HC_F_019207_003,zh,,1,SPEAKER_00,solo,auto,,60.0,51.487,0,0,0.0,8.513,51.487,60.0,1.0,1.0,1,0.0
test,HC_F_019207_004,zh,,1,SPEAKER_00,solo,auto,,53.247,47.167,0,0,0.0,6.08,47.167,53.247,1.0,1.0,1,0.0
test,HC_F_019211_001,zh,,2,,whole-manual,manual,,60.0,60.0,0,0,0.0,0.0,60.0,60.0,1.0,1.0,1,0.0
test,HC_F_019211_002,zh,,2,,whole-manual,manual,,60.0,60.0,0,0,0.0,0.0,60.0,60.0,1.0,1.0,1,0.0
test,HC_F_019211_003,zh,,2,SPEAKER_01,multi,auto,,60.0,37.581,2.312,2.312,0.0,20.107,37.581,57.688,0.9615,0.942,3,0.0
test,HC_F_019211_004,zh,,1,SPEAKER_00,solo,auto,,35.972,22.492,0,0,0.0,13.48,22.492,35.972,1.0,1.0,1,0.0
test,HC_F_019212_001,zh,,1,SPEAKER_00,solo,auto,,60.0,28.586,0,0,0.0,31.414,28.586,60.0,1.0,1.0,1,0.0
test,HC_F_019212_002,zh,,2,SPEAKER_00,multi,auto,,39.23,22.73,0.455,0,0.455,16.5,22.73,39.23,1.0,0.9804,1,0.455
test,HC_F_019213_001,zh,,2,SPEAKER_00,multi,auto,,60.0,36.164,0.827,0,0.827,23.836,36.164,60.0,1.0,0.9776,1,0.827
test,HC_F_019213_002,zh,,2,,whole-manual,manual,,60.0,60.0,0,0,0.0,0.0,60.0,60.0,1.0,1.0,1,0.0
test,HC_F_019213_003,zh,,2,SPEAKER_00,multi,auto,,60.0,30.514,0.945,0,0.945,29.486,30.514,60.0,1.0,0.97,1,0.945
test,HC_F_019213_004,zh,,2,SPEAKER_00,multi,auto,,60.0,32.182,0.506,0,0.506,27.818,32.182,60.0,1.0,0.9845,1,0.506
test,HC_F_019215_001,zh,,2,SPEAKER_00,multi,auto,,60.0,30.34,2.7,0,2.7,29.66,30.34,60.0,1.0,0.9183,1,2.7
test,HC_F_019215_002,zh,,2,,whole-manual,manual,,34.431,34.431,0,0,0.0,0.0,34.431,34.431,1.0,1.0,1,0.0
test,HC_F_019219_001,zh,,1,SPEAKER_00,solo,auto,,60.0,35.578,0,0,0.0,24.422,35.578,60.0,1.0,1.0,1,0.0
test,HC_F_019219_002,zh,,1,SPEAKER_00,solo,auto,,60.0,33.043,0,0,0.0,26.957,33.043,60.0,1.0,1.0,1,0.0
test,HC_F_019220_001,zh,,1,SPEAKER_00,solo,auto,,60.0,32.162,0,0,0.0,27.838,32.162,60.0,1.0,1.0,1,0.0
test,HC_F_019220_002,zh,,1,SPEAKER_00,solo,auto,,55.826,31.283,0,0,0.0,24.543,31.283,55.826,1.0,1.0,1,0.0
test,HC_F_019224_001,zh,,2,,whole-manual,manual,,60.0,60.0,0,0,0.0,0.0,60.0,60.0,1.0,1.0,1,0.0
test,HC_F_019224_002,zh,,1,SPEAKER_00,solo,auto,,60.0,39.774,0,0,0.0,20.226,39.774,60.0,1.0,1.0,1,0.0
test,HC_F_019224_003,zh,,2,,whole-manual,manual,,60.0,60.0,0,0,0.0,0.0,60.0,60.0,1.0,1.0,1,0.0
test,HC_F_019225_001,zh,,2,SPEAKER_01,multi,auto,,60.0,29.534,3.696,3.409,0.287,27.057,29.534,56.591,0.9432,0.8888,4,0.287
test,HC_F_019225_002,zh,,2,SPEAKER_00,multi,auto,,38.563,19.661,0.27,0,0.27,18.902,19.661,38.563,1.0,0.9865,1,0.27
test,HC_F_019242_001,zh,,1,SPEAKER_00,solo,auto,,60.0,34.557,0,0,0.0,25.443,34.557,60.0,1.0,1.0,1,0.0
test,HC_F_019242_002,zh,,1,SPEAKER_00,solo,auto,,60.0,38.865,0,0,0.0,21.135,38.865,60.0,1.0,1.0,1,0.0
test,HC_F_019242_003,zh,,1,SPEAKER_00,solo,auto,,60.0,35.286,0,0,0.0,24.714,35.286,60.0,1.0,1.0,1,0.0
test,HC_F_019242_004,zh,,1,SPEAKER_00,solo,auto,,60.0,29.547,0,0,0.0,30.453,29.547,60.0,1.0,1.0,1,0.0
test,HC_F_019242_005,zh,,1,SPEAKER_00,solo,auto,,44.035,24.755,0,0,0.0,19.28,24.755,44.035,1.0,1.0,1,0.0
test,HC_F_019246_001,zh,,1,SPEAKER_00,solo,auto,,60.0,33.971,0,0,0.0,26.029,33.971,60.0,1.0,1.0,1,0.0
test,HC_F_019246_002,zh,,1,SPEAKER_00,solo,auto,,43.059,20.877,0,0,0.0,22.182,20.877,43.059,1.0,1.0,1,0.0
test,HC_F_030126_001,zh,,2,SPEAKER_00,multi,auto,,31.041,26.335,0.404,0,0.404,4.706,26.335,31.041,1.0,0.9849,1,0.404
test,HC_F_040612_001,zh,,2,SPEAKER_00,multi,auto,,60.0,44.96,9.654,0,9.654,15.04,44.96,60.0,1.0,0.8232,1,9.654
test,HC_F_062619_001,zh,,1,SPEAKER_00,solo,auto,,60.0,45.885,0,0,0.0,14.115,45.885,60.0,1.0,1.0,1,0.0
test,HC_F_062619_002,zh,,2,SPEAKER_00,multi,auto,,60.0,43.574,0.203,0,0.203,16.426,43.574,60.0,1.0,0.9954,1,0.203
test,HC_F_062619_003,zh,,1,SPEAKER_00,solo,auto,,34.674,21.009,0,0,0.0,13.665,21.009,34.674,1.0,1.0,1,0.0
test,HC_F_081208_001,zh,,1,SPEAKER_00,solo,auto,,39.734,31.236,0,0,0.0,8.498,31.236,39.734,1.0,1.0,1,0.0
test,HC_F_121225_001,zh,,1,SPEAKER_00,solo,auto,,58.648,45.409,0,0,0.0,13.239,45.409,58.648,1.0,1.0,1,0.0
test,HC_F_122302_001,zh,,2,SPEAKER_00,multi,auto,,60.0,59.94,1.975,0,1.975,0.06,59.94,60.0,1.0,0.9681,1,1.975
test,HC_F_122302_002,zh,,2,SPEAKER_00,multi,auto,,60.0,59.94,0.54,0,0.54,0.06,59.94,60.0,1.0,0.9911,1,0.54
test,HC_F_122302_003,zh,,2,SPEAKER_00,multi,auto,,60.0,59.94,0.27,0,0.27,0.06,59.94,60.0,1.0,0.9955,1,0.27
test,HC_F_122302_004,zh,,2,SPEAKER_00,multi,auto,,60.0,59.94,2.212,0,2.212,0.06,59.94,60.0,1.0,0.9644,1,2.212
test,HC_F_122302_005,zh,,2,SPEAKER_00,multi,auto,,60.0,59.94,0.017,0,0.017,0.06,59.94,60.0,1.0,0.9997,1,0.017
test,HC_F_122302_006,zh,,2,SPEAKER_00,multi,auto,,60.0,59.94,0.372,0,0.372,0.06,59.94,60.0,1.0,0.9938,1,0.372
test,HC_F_122302_007,zh,,2,SPEAKER_00,multi,auto,,60.0,59.94,0.372,0,0.372,0.06,59.94,60.0,1.0,0.9938,1,0.372
test,HC_F_122302_008,zh,,2,SPEAKER_00,multi,auto,,60.0,59.94,2.769,0,2.769,0.06,59.94,60.0,1.0,0.9558,1,2.769
test,HC_F_122302_009,zh,,2,,whole-manual,manual,,60.0,60.0,0,0,0.0,0.0,60.0,60.0,1.0,1.0,1,0.0
test,HC_F_122302_010,zh,,2,,whole-manual,manual,,60.0,60.0,0,0,0.0,0.0,60.0,60.0,1.0,1.0,1,0.0
test,HC_F_122302_011,zh,,2,SPEAKER_00,multi,auto,,60.0,59.839,0.354,0,0.354,0.161,59.839,60.0,1.0,0.9941,1,0.354
test,HC_F_122302_012,zh,,2,SPEAKER_00,multi,auto,,60.0,59.265,0.623,0,0.623,0.735,59.265,60.0,1.0,0.9896,1,0.623
test,HC_F_171812_001,zh,,1,SPEAKER_00,solo,auto,,60.0,44.465,0,0,0.0,15.535,44.465,60.0,1.0,1.0,1,0.0
test,HC_F_181312_001,zh,,1,SPEAKER_00,solo,auto,,39.989,25.988,0,0,0.0,14.001,25.988,39.989,1.0,1.0,1,0.0
test,HC_F_231008_001,zh,,1,SPEAKER_00,solo,auto,,28.199,19.658,0,0,0.0,8.541,19.658,28.199,1.0,1.0,1,0.0
test,HC_F_240307_001,zh,,2,SPEAKER_00,multi,auto,,36.897,22.814,1.115,0,1.115,14.083,22.814,36.897,1.0,0.9534,1,1.115
test,HC_F_260826_001,zh,,1,SPEAKER_00,solo,auto,,35.826,30.476,0,0,0.0,5.35,30.476,35.826,1.0,1.0,1,0.0
test,HC_F_261225_001,zh,,1,SPEAKER_00,solo,auto,,43.6,26.851,0,0,0.0,16.749,26.851,43.6,1.0,1.0,1,0.0
test,HC_F_261925_001,zh,,1,SPEAKER_00,solo,auto,,31.735,25.227,0,0,0.0,6.509,25.227,31.735,1.0,1.0,1,0.0
test,HC_M_019201_001,zh,,1,SPEAKER_00,solo,auto,,60.0,29.549,0,0,0.0,30.451,29.549,60.0,1.0,1.0,1,0.0
test,HC_M_019201_002,zh,,2,SPEAKER_00,multi,auto,,60.0,26.611,0.034,0,0.034,33.389,26.611,60.0,1.0,0.9987,1,0.034
test,HC_M_019201_003,zh,,2,SPEAKER_00,multi,auto,,60.0,42.592,0.068,0,0.068,17.408,42.592,60.0,1.0,0.9984,1,0.068
test,HC_M_019201_004,zh,,2,SPEAKER_00,multi,auto,,51.03,37.682,0.203,0,0.203,13.348,37.682,51.03,1.0,0.9946,1,0.203
test,HC_M_019203_001,zh,,2,SPEAKER_00,multi,auto,,60.0,49.63,0.186,0,0.186,10.37,49.63,60.0,1.0,0.9963,1,0.186
test,HC_M_019203_002,zh,,2,SPEAKER_00,multi,auto,,60.0,44.176,0.54,0,0.54,15.824,44.176,60.0,1.0,0.9879,1,0.54
test,HC_M_019203_003,zh,,1,SPEAKER_00,solo,auto,,60.0,31.555,0,0,0.0,28.445,31.555,60.0,1.0,1.0,1,0.0
test,HC_M_019203_004,zh,,2,,whole-manual,manual,,60.0,60.0,0,0,0.0,0.0,60.0,60.0,1.0,1.0,1,0.0
test,HC_M_019203_005,zh,,1,SPEAKER_00,solo,auto,,42.221,20.907,0,0,0.0,21.315,20.907,42.221,1.0,1.0,1,0.0
test,HC_M_019205_001,zh,,2,SPEAKER_00,multi,auto,,60.0,29.783,4.692,4.692,0.0,25.525,29.783,55.308,0.9218,0.8639,10,0.0
test,HC_M_019205_002,zh,,1,SPEAKER_00,solo,auto,,60.0,38.478,0,0,0.0,21.522,38.478,60.0,1.0,1.0,1,0.0
test,HC_M_019205_003,zh,,1,SPEAKER_00,solo,auto,,60.0,49.259,0,0,0.0,10.741,49.259,60.0,1.0,1.0,1,0.0
test,HC_M_019205_004,zh,,1,SPEAKER_00,solo,auto,,60.0,54.54,0,0,0.0,5.46,54.54,60.0,1.0,1.0,1,0.0
test,HC_M_019205_005,zh,,1,SPEAKER_00,solo,auto,,60.0,41.04,0,0,0.0,18.96,41.04,60.0,1.0,1.0,1,0.0
test,HC_M_019205_006,zh,,1,SPEAKER_00,solo,auto,,33.435,14.549,0,0,0.0,18.886,14.549,33.435,1.0,1.0,1,0.0
test,HC_M_019209_001,zh,,1,SPEAKER_00,solo,auto,,60.0,48.399,0,0,0.0,11.601,48.399,60.0,1.0,1.0,1,0.0
test,HC_M_019209_002,zh,,1,SPEAKER_00,solo,auto,,60.0,58.675,0,0,0.0,1.325,58.675,60.0,1.0,1.0,1,0.0
test,HC_M_019209_003,zh,,1,SPEAKER_00,solo,auto,,60.0,58.472,0,0,0.0,1.528,58.472,60.0,1.0,1.0,1,0.0
test,HC_M_019209_004,zh,,2,,whole-manual,manual,,60.0,60.0,0,0,0.0,0.0,60.0,60.0,1.0,1.0,1,0.0
test,HC_M_019214_001,zh,,1,SPEAKER_00,solo,auto,,60.0,33.396,0,0,0.0,26.604,33.396,60.0,1.0,1.0,1,0.0
test,HC_M_019216_001,zh,,1,SPEAKER_00,solo,auto,,40.46,40.025,0,0,0.0,0.435,40.025,40.46,1.0,1.0,1,0.0
test,HC_M_019217_001,zh,,1,SPEAKER_00,solo,auto,,60.0,40.231,0,0,0.0,19.769,40.231,60.0,1.0,1.0,1,0.0
test,HC_M_019217_002,zh,,1,SPEAKER_00,solo,auto,,60.0,38.069,0,0,0.0,21.931,38.069,60.0,1.0,1.0,1,0.0
test,HC_M_019217_003,zh,,2,SPEAKER_00,multi,auto,,60.0,40.008,0.253,0,0.253,19.992,40.008,60.0,1.0,0.9937,1,0.253
test,HC_M_019217_004,zh,,1,SPEAKER_00,solo,auto,,33.59,13.669,0,0,0.0,19.921,13.669,33.59,1.0,1.0,1,0.0
test,HC_M_019221_001,zh,,1,SPEAKER_00,solo,auto,,60.0,40.147,0,0,0.0,19.853,40.147,60.0,1.0,1.0,1,0.0
test,HC_M_019221_002,zh,,1,SPEAKER_00,solo,auto,,60.0,35.707,0,0,0.0,24.293,35.707,60.0,1.0,1.0,1,0.0
test,HC_M_019222_001,zh,,1,SPEAKER_00,solo,auto,,60.0,38.608,0,0,0.0,21.392,38.608,60.0,1.0,1.0,1,0.0
test,HC_M_019223_001,zh,,1,SPEAKER_00,solo,auto,,60.0,28.654,0,0,0.0,31.346,28.654,60.0,1.0,1.0,1,0.0
test,HC_M_019223_002,zh,,1,SPEAKER_00,solo,auto,,43.435,22.037,0,0,0.0,21.398,22.037,43.435,1.0,1.0,1,0.0
test,HC_M_019226_001,zh,,1,SPEAKER_00,solo,auto,,60.0,26.038,0,0,0.0,33.962,26.038,60.0,1.0,1.0,1,0.0
test,HC_M_019226_002,zh,,1,SPEAKER_00,solo,auto,,60.0,17.886,0,0,0.0,42.114,17.886,60.0,1.0,1.0,1,0.0
test,HC_M_060217_001,zh,,1,SPEAKER_00,solo,auto,,45.866,32.892,0,0,0.0,12.974,32.892,45.866,1.0,1.0,1,0.0
test,HC_M_121103_001,zh,,1,SPEAKER_00,solo,auto,,43.325,36.163,0,0,0.0,7.162,36.163,43.325,1.0,1.0,1,0.0
test,HC_M_131210_001,zh,,2,SPEAKER_00,multi,auto,,60.0,42.88,2.513,0,2.513,17.12,42.88,60.0,1.0,0.9446,1,2.513
test,HC_M_131210_002,zh,,2,SPEAKER_00,multi,auto,,32.72,22.393,1.451,0,1.451,10.327,22.393,32.72,1.0,0.9391,1,1.451
test,HC_M_192414_001,zh,,1,SPEAKER_00,solo,auto,,31.867,25.364,0,0,0.0,6.503,25.364,31.867,1.0,1.0,1,0.0
test,HC_M_192516_001,zh,,2,SPEAKER_00,multi,auto,,52.618,45.308,0.541,0,0.541,7.31,45.308,52.618,1.0,0.9882,1,0.541
test,HC_M_262508_001,zh,,2,SPEAKER_00,multi,auto,,37.153,34.32,5.383,0,5.383,2.833,34.32,37.153,1.0,0.8644,1,5.383
test,HC_M_262520_001,zh,,1,SPEAKER_00,solo,auto,,47.103,35.101,0,0,0.0,12.002,35.101,47.103,1.0,1.0,1,0.0
